【神戸・ガラス細工】ヴェネチアンのお花ガラスを手作り！ピアスorイヤリングプラン,http://www.asoview.com//act/glasswork/hyogo/are0280200/pln3000006788/, 兵庫県神戸市中央区中山手通3-17-1 北野工房のまち207
【神戸・ガラス細工】お花がいっぱい！ヴェネチアンガラスで作るストラップorネックレス,http://www.asoview.com//act/glasswork/hyogo/are0280200/pln3000006786/, 兵庫県神戸市中央区中山手通3-17-1 北野工房のまち207
【神戸・キャンドル作り】クリアにきらめくアロマジェルキャンドルを手作り,http://www.asoview.com//act/candle/hyogo/are0280200/pln3000006946/, 兵庫県神戸市中央区中山手通3-17-1 北野工房のまち210
【神戸・調香体験】自分だけの香りでエレガントな女性に！オリジナルオードトワレ作り,http://www.asoview.com//act/perfume/hyogo/are0280200/pln3000011831/, 兵庫県神戸市中央区中山手通3-17-1 北野工房のまち210
【神戸・手作りスノードーム】思い出の写真を閉じ込めた、世界に1つのスノードームを作ろう,http://www.asoview.com//act/snowdome/hyogo/are0280200/pln3000006948/, 兵庫県神戸市中央区中山手通3-17-1 北野工房のまち210
【神戸・ガラス細工】組み合わせ自由自在！カラフルなヴェネチアンガラスで、ストラップorネックレス作り,http://www.asoview.com//act/glasswork/hyogo/are0280200/pln3000006787/, 兵庫県神戸市中央区中山手通3-17-1 北野工房のまち207
【神戸・ガラス細工】15分で完成！キュートなグラスボールに物語をつめこんで,http://www.asoview.com//act/glasswork/hyogo/are0280200/pln3000006945/, 兵庫県神戸市中央区中山手通3-17-1 北野工房のまち210
【神戸・ガラス細工】キラキラお花の指輪を手作り！ヴェネチアンガラスをリングにしよう,http://www.asoview.com//act/glasswork/hyogo/are0280200/pln3000006791/, 兵庫県神戸市中央区中山手通3-17-1 北野工房のまち207
【神戸・キャンドル作り】当工房発祥！暗闇で光るLEDジェルキャンドルを作ろう,http://www.asoview.com//act/candle/hyogo/are0280200/pln3000006947/, 兵庫県神戸市中央区中山手通3-17-1 北野工房のまち210
【神戸・キャンドルグラス作り】レトロなマッチラベルやマスキングテープで自由にデザイン,http://www.asoview.com//act/candle/hyogo/are0280200/pln3000007186/, 兵庫県神戸市中央区中山手通3-17-1 北野工房のまち202
【神戸・押し花】最大250名まで体験可能！本物の花を閉じ込めた押し花ミニ額づくり,http://www.asoview.com//act/pressedflower/hyogo/are0280200/pln3000007418/, 兵庫県神戸市中央区中山手通3-17-1 北野工房のまち212
【神戸・押し花】キーホルダーやストラップに最適！キュートな押し花プチチャーム作り,http://www.asoview.com//act/pressedflower/hyogo/are0280200/pln3000007419/, 兵庫県神戸市中央区中山手通3-17-1 北野工房のまち212
【神戸・押し花】美しさと実用性を兼ね備えた、押し花バッグハンガーを作ろう！,http://www.asoview.com//act/pressedflower/hyogo/are0280200/pln3000007420/, 兵庫県神戸市中央区中山手通3-17-1 北野工房のまち212
【神戸・マッチ箱作り】神戸の名所イラストにメッセージを入れて！オンリーワン・マッチ箱作り,http://www.asoview.com//act/zakka/hyogo/are0280200/pln3000007182/, 兵庫県神戸市中央区中山手通3-17-1 北野工房のまち202
【神戸・マッチ箱作り】童心に返って楽しめる！塗り絵でマッチ箱作り,http://www.asoview.com//act/zakka/hyogo/are0280200/pln3000007183/, 兵庫県神戸市中央区中山手通3-17-1 北野工房のまち202
【神戸・マッチ箱作り】マスキングテープやレトロラベルで、自分だけのデコマッチ箱作り,http://www.asoview.com//act/zakka/hyogo/are0280200/pln3000007184/, 兵庫県神戸市中央区中山手通3-17-1 北野工房のまち202
【神戸・マッチ箱作り】スチール缶のマッチ箱をデコレーション！デコチェン体験,http://www.asoview.com//act/zakka/hyogo/are0280200/pln3000007185/, 兵庫県神戸市中央区中山手通3-17-1 北野工房のまち202
【兵庫・神戸市・手づくり雑貨】アートフラワーレッスンで、自分好みのアクセサリーを作ろう！,http://www.asoview.com//act/zakka/hyogo/are0280200/pln3000012538/, 兵庫県神戸市中央区三宮町1-6-29ニューセンタービルB1F
【神戸市・三宮・俵型ポーチ作り】手に馴染むやさしさ！牛革レザーで手のひらサイズポーチ作り,http://www.asoview.com//act/leathercraft/hyogo/are0280200/pln3000007044/, 兵庫県神戸市中央区中山手通3-17-1 北野工房のまち209
【神戸市・コインケース作り】イニシャル刻印が人気！牛革レザーでかわいいコインケースを作ろう,http://www.asoview.com//act/leathercraft/hyogo/are0280200/pln3000007046/, 兵庫県神戸市中央区中山手通3-17-1 北野工房のまち209
